Suite/Test/Step Name,Browser,Description,Tag,Start time,End time,Duration,Status
TS_History_TC_001,Chrome 120.0.0.0,,,27-01-2024 19:04:05,27-01-2024 19:05:19,1m - 14.437s,PASSED
,,,,,,,
Test Cases/History_page/TC_Cura_007,Chrome 120.0.0.0,,,27-01-2024 19:04:46,27-01-2024 19:05:19,32.620s,PASSED
Start listener action : sampleBeforeTestCase,Chrome 120.0.0.0,,,27-01-2024 19:04:47,27-01-2024 19:05:11,24.161s,PASSED
"click(findTestObject(""Object Repository/TC_Cura_007/amenu-toggle""))",Chrome 120.0.0.0,,,27-01-2024 19:05:11,27-01-2024 19:05:12,0.779s,PASSED
"click(findTestObject(""Object Repository/TC_Cura_007/a_History""))",Chrome 120.0.0.0,,,27-01-2024 19:05:12,27-01-2024 19:05:15,3.199s,PASSED
"verifyElementPresent(findTestObject(""Object Repository/TC_Cura_007/p_No appointment""), 0)",Chrome 120.0.0.0,,,27-01-2024 19:05:15,27-01-2024 19:05:16,0.834s,PASSED
Start listener action : sampleAfterTestCase,Chrome 120.0.0.0,,,27-01-2024 19:05:16,27-01-2024 19:05:19,3.008s,PASSED
