Suite/Test/Step Name,Browser,Description,Tag,Start time,End time,Duration,Status
Login_testcases,Chrome 120.0.0.0,,,20-01-2024 20:41:18,20-01-2024 20:42:52,1m - 33.428s,FAILED
,,,,,,,
Test Cases/login_page/TC_Cura_002,Chrome 120.0.0.0,,,20-01-2024 20:42:45,20-01-2024 20:42:46,0.943s,FAILED
Start listener action : sampleBeforeTestCase,Chrome 120.0.0.0,,,20-01-2024 20:42:45,20-01-2024 20:42:45,0.326s,ERROR
"click(findTestObject(""Object Repository/Page_CURA Healthcare Service/i_fa fa-bars""))",Chrome 120.0.0.0,,,20-01-2024 20:42:45,20-01-2024 20:42:46,0.229s,FAILED
Start listener action : sampleAfterTestCase,Chrome 120.0.0.0,,,20-01-2024 20:42:46,20-01-2024 20:42:46,0.261s,ERROR
,,,,,,,
Test Cases/login_page/TC_Cura_002,Chrome 120.0.0.0,,,20-01-2024 20:42:50,20-01-2024 20:42:52,1.084s,FAILED
Start listener action : sampleBeforeTestCase,Chrome 120.0.0.0,,,20-01-2024 20:42:51,20-01-2024 20:42:51,0.226s,ERROR
"click(findTestObject(""Object Repository/Page_CURA Healthcare Service/i_fa fa-bars""))",Chrome 120.0.0.0,,,20-01-2024 20:42:51,20-01-2024 20:42:51,0.271s,FAILED
Start listener action : sampleAfterTestCase,Chrome 120.0.0.0,,,20-01-2024 20:42:51,20-01-2024 20:42:52,0.347s,ERROR
