Suite/Test/Step Name,Browser,Description,Tag,Start time,End time,Duration,Status
TS_appointment_001,Chrome 120.0.0.0,,,19-01-2024 22:00:24,19-01-2024 22:01:24,59.960s,PASSED
,,,,,,,
Test Cases/appointment_page/TC_Cura_006,Chrome 120.0.0.0,,,19-01-2024 22:00:56,19-01-2024 22:01:24,27.624s,PASSED
Start listener action : sampleBeforeTestCase,Chrome 120.0.0.0,,,19-01-2024 22:00:57,19-01-2024 22:01:15,18.008s,PASSED
"click(findTestObject(""Object Repository/TC_Cura_005/button_Book Appointment""))",Chrome 120.0.0.0,,,19-01-2024 22:01:15,19-01-2024 22:01:18,3.014s,PASSED
"verifyElementNotPresent(findTestObject(""TC_Cura_006/h2_Appointment Confirmation""), 0)",Chrome 120.0.0.0,,,19-01-2024 22:01:18,19-01-2024 22:01:21,2.188s,PASSED
Start listener action : sampleAfterTestCase,Chrome 120.0.0.0,,,19-01-2024 22:01:21,19-01-2024 22:01:24,3.404s,PASSED
